{
  "model_name": "xgboost",
  "n_test": 7500,
  "delay_rate": 0.37506666666666666,
  "threshold": 0.6500000000000004,
  "accuracy": 0.9036,
  "roc_auc": 0.9669,
  "pr_auc": 0.9512,
  "f1": 0.872,
  "recall": 0.8756,
  "precision": 0.8685
}